<?xml version="1.0" encoding="UTF-8"?>
<project-private xmlns="http://www.netbeans.org/ns/project-private/1">
    <editor-bookmarks xmlns="http://www.netbeans.org/ns/editor-bookmarks/2" lastBookmarkId="0"/>
    <open-files xmlns="http://www.netbeans.org/ns/projectui-open-files/2">
        <group>
            <file>file:/C:/Users/DeviL/Documents/NetBeansProjects/JVMInsuranceHub/src/jvminsurancehub/DeleteSpecificRow.java</file>
            <file>file:/C:/Users/DeviL/Documents/NetBeansProjects/JVMInsuranceHub/src/jvminsurancehub/CompanySheet.java</file>
            <file>file:/C:/Users/DeviL/Documents/NetBeansProjects/JVMInsuranceHub/src/jvminsurancehub/JVMInsuranceHub.java</file>
            <file>file:/C:/Users/DeviL/Documents/NetBeansProjects/JVMInsuranceHub/src/jvminsurancehub/DailyTask.java</file>
            <file>file:/C:/Users/DeviL/Documents/NetBeansProjects/JVMInsuranceHub/src/jvminsurancehub/QuerySearch.java</file>
            <file>file:/C:/Users/DeviL/Documents/NetBeansProjects/JVMInsuranceHub/src/jvminsurancehub/AgentSheetForm.java</file>
        </group>
    </open-files>
</project-private>
